{
  "network": "cardano",
  "currentVersion": "1.33.0",
  // Replace with prod.codaea.io when available
  "apiserver": "https://test.codaea.io",
  "apikey": "paste-your-api-key-here",
  "maximumSeverity": 1,
  "reportPath": "/home/stakepool/coda/reports/coda_analysis.json",
  "prometheusFile": "/home/stakepool/coda/prometheus/coda.txt",
  "uiOptions": {
    "menuType": "full",
    // Use Notepad.exe or your favorite editor on Windows environments; or leave blank for built-in basic text entry.
    "textEditor": "nano"
  },
  "analysis": {
    "lastRunDate": null,
    // Set to True to get notified of important analysis results
    "notification": true
  },
  "logging": {
    "logLevel": "Warning",
    "logPath": "codaclient.log"
  },
  "analyze": [
    {
      "name": "node-log",
      "input": "text/cardano",
      "messageType": {
        "values": [ "Error" ]
      },
      "inputSpecs": {
        "inputFile": "/home/stakepool/cnode/logs/cardano-node.log",
        // Whether or not to clean (purge) old files from the folder
        "cleanFolder": true,
        // If 'cleanFolder' is 'true', then this specifies clean settings
        "cleanSettings": {
          "cleanAgeDays": 14,
          // OS file pattern match
          "cleanFilePattern": "cardano-node-*"
        },
        "type": "error",
        "maximumSeverity": 1
      }
    }
  ]
}
